filename,data_type,sample_rate_hz,center_frequency_hz,snr_db,top_candidate,confidence,evm_rms_percent,score_BPSK,score_QPSK,score_16QAM,score_2FSK,score_4FSK,score_Noise
CommSignal2_train_frame_0000.sigmf-data,cf32,25000000.0,2437000000.0,16.424530029296875,16QAM,0.98,84.95513611275805,0.1266,0.3936,0.4552,0.0103,0.0093,0.0051
CommSignal2_train_frame_0001.sigmf-data,cf32,25000000.0,2437000000.0,17.068466186523438,QPSK,0.9565090865258613,89.91354116882975,0.1231,0.4212,0.4054,0.0255,0.0229,0.002
CommSignal2_train_frame_0002.sigmf-data,cf32,25000000.0,2437000000.0,15.80755615234375,16QAM,0.98,87.12255767537508,0.127,0.4013,0.4365,0.016,0.0144,0.0048
CommSignal2_train_frame_0003.sigmf-data,cf32,25000000.0,2437000000.0,15.962913513183594,QPSK,0.9745634502574395,87.93082364264883,0.1264,0.4251,0.3946,0.0253,0.0227,0.0059
CommSignal2_train_frame_0004.sigmf-data,cf32,25000000.0,2437000000.0,16.832687377929688,16QAM,0.98,85.5574726943667,0.1345,0.4005,0.4349,0.014,0.0126,0.0035
CommSignal2_train_frame_0005.sigmf-data,cf32,25000000.0,2437000000.0,17.606124877929688,16QAM,0.9654073110058295,90.72741558283639,0.1316,0.4087,0.4249,0.0171,0.0154,0.0024
CommSignal2_train_frame_0006.sigmf-data,cf32,25000000.0,2437000000.0,15.735671997070312,QPSK,0.98,90.59752942686468,0.1157,0.4412,0.3947,0.0232,0.0209,0.0042
CommSignal2_train_frame_0007.sigmf-data,cf32,25000000.0,2437000000.0,15.578804016113281,16QAM,0.9764579181826745,86.26909153336052,0.1306,0.4006,0.4284,0.018,0.0162,0.0062
CommSignal2_train_frame_0008.sigmf-data,cf32,25000000.0,2437000000.0,16.450531005859375,16QAM,0.9575672608673882,85.32311717657015,0.1322,0.4115,0.4195,0.017,0.0153,0.0045
CommSignal2_train_frame_0009.sigmf-data,cf32,25000000.0,2437000000.0,16.632965087890625,QPSK,0.9656985060475615,90.1413931829494,0.121,0.4227,0.3745,0.0414,0.0373,0.0031
